Canonical,Team,Numbers,Variations
Nathan Joseph Petrone,Artland Dragons,1,Nathan Joseph Petrone
Amir Jabbar Hinton,Artland Dragons,3,Amir Jabbar Hinton
Timo Lanmüller,Artland Dragons,7,Timo Lanmüller
Dominik Dolic,Artland Dragons,8,Dominik Dolic
Connor Van Anthony,Artland Dragons,9,Connor Van Anthony
Robert Oehle,Artland Dragons,11,Robert Oehle
Elijah Ndi,Artland Dragons,12,Elijah Ndi
Dejan Bruce,Artland Dragons,13,Dejan Bruce
Linus Trettin,Artland Dragons,15,Linus Trettin
Fynn Lastring,Artland Dragons,16,Fynn Lastring
Linus Ruf,Artland Dragons,20,Linus Ruf
Benjamin Forrest Burnham,Artland Dragons,25,Benjamin Forrest Burnham
Andrew O'Brien,Uni Baskets Münster,0,Andrew O'Brien
Timetric Jerome Hodges,Uni Baskets Münster,1,Timetric Jerome Hodges
Paul Viefhues,Uni Baskets Münster,3,Paul Viefhues
Nicholas Khalil Mc Mullen,Uni Baskets Münster,4,Nicholas Khalil Mc Mullen
Thore Dilschmann,Uni Baskets Münster,6,Thore Dilschmann
Neil Masnic,Uni Baskets Münster,8,Neil Masnic
Julian Lamont Larry,Uni Baskets Münster,1/10,Julian Lamont Larry
Oliver Pahnke,Uni Baskets Münster,17,Oliver Pahnke
Adam Touray,Uni Baskets Münster,19,Adam Touray
Jesse Chidera Ani,Uni Baskets Münster,24,Jesse Chidera Ani
Elijah Jahi Miller,Eisbären Bremerhaven,0,Elijah Jahi Miller
Raphael Falkenthal,Eisbären Bremerhaven,2,Raphael Falkenthal
Jacob David Biss,Eisbären Bremerhaven,3,Jacob David Biss
Jordan Samare,Eisbären Bremerhaven,4,Jordan Samare
Benjamin Zintz,Eisbären Bremerhaven,5,Benjamin Zintz
Carlos Deshawn Carter,Eisbären Bremerhaven,6,Carlos Deshawn Carter
Adrian Breitlauch,Eisbären Bremerhaven,7,Adrian Breitlauch
Anton Meyer,Eisbären Bremerhaven,9,Anton Meyer
Till Isemann,Eisbären Bremerhaven,21,Till Isemann
Hendrik Warner,Eisbären Bremerhaven,31,Hendrik Warner
Jannis von Seckendorff,Eisbären Bremerhaven,90,Jannis von Seckendorff
Joshua Bonga,SBB Baskets Wolmirstedt,0,Joshua Bonga
Trey Thompson Stewart,SBB Baskets Wolmirstedt,1,Trey Thompson Stewart
Travis Henson,SBB Baskets Wolmirstedt,2,Travis Henson
Jalen Benjamin,SBB Baskets Wolmirstedt,5,Jalen Benjamin
Martin Bogdanov,SBB Baskets Wolmirstedt,6,Martin Bogdanov
Modestas Paulauskas,SBB Baskets Wolmirstedt,10/21,Modestas Paulauskas
Benjamin Koppke,SBB Baskets Wolmirstedt,21,Benjamin Koppke
Alieu Ceesay,SBB Baskets Wolmirstedt,28,Alieu Ceesay
Fabien Kondo,SBB Baskets Wolmirstedt,34,Fabien Kondo
Marcus Henri Graves,Phoenix Hagen,0,Marcus Henri Graves
Richard Fernando de Jesus Nunez Rivera,Phoenix Hagen,1,Richard Fernando de Jesus Nunez Rivera
Dennis Nawrocki,Phoenix Hagen,2,Dennis Nawrocki
Bjarne Kraushaar,Phoenix Hagen,4,Bjarne Kraushaar
Devin Lawrence Schmidt,Phoenix Hagen,8,Devin Lawrence Schmidt
Fabian Bleck,Phoenix Hagen,10,Fabian Bleck
Dominick Jordan von Waaden,Phoenix Hagen,13,Dominick Jordan von Waaden
Tim Uhlemann,Phoenix Hagen,21,Tim Uhlemann
Jeffrey Carroll,Phoenix Hagen,30,Jeffrey Carroll
Nicola Schultze,Phoenix Hagen,33,Nicola Schultze
Jan Razdevsek,Phoenix Hagen,44,Jan Razdevsek
Anzac Joseph Dennis Rissetto,Phoenix Hagen,77,Anzac Joseph Dennis Rissetto
Ferdinand Justus Trefzger,RheinStars Köln,2,Ferdinand Justus Trefzger
Rupert Hennen,RheinStars Köln,5,Rupert Hennen
Jasper Günther,RheinStars Köln,6,Jasper Günther
Fynn Rieck,RheinStars Köln,8,Fynn Rieck
Maximilian Begue,RheinStars Köln,9,Maximilian Begue
Timothy Nehemiah Davis,RheinStars Köln,11,Timothy Nehemiah Davis
Björn Rohwer,RheinStars Köln,15,Björn Rohwer
Friedrich Beyer,RheinStars Köln,17,Friedrich Beyer
Justin Onyejiaka,RheinStars Köln,22,Justin Onyejiaka
Michael Jordan Miller,RheinStars Köln,23,Michael Jordan Miller
Hall B Elisias,RheinStars Köln,34,Hall B Elisias
Phillip Montreal Russelll,Bozic Estriche Knights Kirchheim,1,Phillip Montreal Russelll
Neil Schwanenberg,Bozic Estriche Knights Kirchheim,2,Neil Schwanenberg
Gian Bahattin Aydinoglu,Bozic Estriche Knights Kirchheim,4,Gian Bahattin Aydinoglu
Lucas Mayer,Bozic Estriche Knights Kirchheim,8,Lucas Mayer
Tylan James Pope,Bozic Estriche Knights Kirchheim,9,Tylan James Pope
Tyrel Maurice Morgan,Bozic Estriche Knights Kirchheim,11,Tyrel Maurice Morgan
Nicholas Gerard Spinoso,Bozic Estriche Knights Kirchheim,13,Nicholas Gerard Spinoso
Alexander Stief,Bozic Estriche Knights Kirchheim,14,Alexander Stief
Nil Failenschmid Clavera,Bozic Estriche Knights Kirchheim,15,Nil Failenschmid Clavera
Aeneas Jung,Bozic Estriche Knights Kirchheim,19,Aeneas Jung
Nicolas Bretzel,Bozic Estriche Knights Kirchheim,21,Nicolas Bretzel
Daniel Alexander Norl,GIESSEN 46ers,1,Daniel Alexander Norl
Aiden Warnholtz,GIESSEN 46ers,3,Aiden Warnholtz
Kyle Anthony Castlin,GIESSEN 46ers,7,Kyle Anthony Castlin
Robin Benzing,GIESSEN 46ers,12,Robin Benzing
Jonathan Maier,GIESSEN 46ers,13,Jonathan Maier
Luis Elias König Figge,GIESSEN 46ers,14,Luis Elias König Figge
Domagoj Vukovic,GIESSEN 46ers,17,Domagoj Vukovic
Till Gloger,GIESSEN 46ers,18,Till Gloger
Martin Junakovic,GIESSEN 46ers,22,Martin Junakovic
Roland L'Amour Nyama,GIESSEN 46ers,24,Roland L'Amour Nyama
Simon Krajcovic,GIESSEN 46ers,55,Simon Krajcovic
Bernard Joel Pelote III,Tigers Tübingen,1,Bernard Joel Pelote III; Player 1
Miles Lamar Tention,Tigers Tübingen,3,Player 3; Miles Lamar Tention
Kaya Kaan Hakan Bayram,Tigers Tübingen,5,Kaya Kaan Hakan Bayram; Player 5
Silas Kaan Osezua Oriane,Tigers Tübingen,7,Player 7; Silas Kaan Osezua Oriane
Felix Per Edwardsson,Tigers Tübingen,8,Felix Per Edwardsson; Player 8
Isaiah Jevon Sanders,Tigers Tübingen,10,Isaiah Jevon Sanders
Lukas Max Milner,Tigers Tübingen,17,Lukas Max Milner
Melkisedek Kwaku Moreaux,Tigers Tübingen,23,Melkisedek Kwaku Moreaux
JaCobi Allen Wood,Tigers Tübingen,24,JaCobi Allen Wood
Till-Joscha Jönke,Tigers Tübingen,26,Till-Joscha Jönke
Cameron Robert Parker,Nürnberg Falcons BC,1,Cameron Robert Parker
Joscha Eckert,Nürnberg Falcons BC,4,Joscha Eckert
Tim Köpple,Nürnberg Falcons BC,5,Tim Köpple
Christian Feneberg,Nürnberg Falcons BC,7,Christian Feneberg
Evan Derek Taylor,Nürnberg Falcons BC,10,Evan Derek Taylor
Julius Wolf,Nürnberg Falcons BC,16,Julius Wolf
Trevor James Baskin,Nürnberg Falcons BC,22,Trevor James Baskin
Tom Stoiber,Nürnberg Falcons BC,28,Tom Stoiber
Vincent Friederici,Nürnberg Falcons BC,30,Vincent Friederici
Brandton Dean Chatfield,Nürnberg Falcons BC,33,Brandton Dean Chatfield
Lars Lagerpusch,Nürnberg Falcons BC,44,Lars Lagerpusch
Branden Michael Maughmer,Paderborn Baskets,2,Branden Michael Maughmer
Erik Larsen,Paderborn Baskets,4,Erik Larsen
Matej Silic,Paderborn Baskets,5,Matej Silic
Grant Teichmann,Paderborn Baskets,6,Grant Teichmann
Tom Brüggemann,Paderborn Baskets,7,Tom Brüggemann
Nicolas Ignacio Marty-Decker,Paderborn Baskets,10,Nicolas Ignacio Marty-Decker
Karl Bühner,Paderborn Baskets,11,Karl Bühner
Jalen Lee Johnson,Paderborn Baskets,13,Jalen Lee Johnson
Aaron Kayser,Paderborn Baskets,22,Aaron Kayser
Nathan Lewis Scott,Paderborn Baskets,25,Nathan Lewis Scott
Leonard Kröger,Paderborn Baskets,26,Leonard Kröger
Tehree Johnathan Horn,BBC Bayreuth,2,Tehree Johnathan Horn
Rayshawn Rene Mart,BBC Bayreuth,3,Rayshawn Rene Mart
Moritz Plescher,BBC Bayreuth,6,Moritz Plescher
Nat Diallo,BBC Bayreuth,8,Nat Diallo
Noah Wabersich,BBC Bayreuth,9,Noah Wabersich
Cantia Jevon Rahming,BBC Bayreuth,12,Cantia Jevon Rahming
Liam Nees Holländer,BBC Bayreuth,17,Liam Nees Holländer
Leroy Ikenna Ikejiaku,BBC Bayreuth,22,Leroy Ikenna Ikejiaku
KeVaughn Allen,BBC Bayreuth,23,KeVaughn Allen
Lenny Liedtke,BBC Bayreuth,55,Lenny Liedtke
Badu Buck,EPG Baskets Koblenz,2,Badu Buck
Calvin Wishart,EPG Baskets Koblenz,3,Calvin Wishart
Aleksa Kovacevic,EPG Baskets Koblenz,4,Aleksa Kovacevic
Timothy Smith,EPG Baskets Koblenz,5,Timothy Smith
Jonas Niedermanner,EPG Baskets Koblenz,9,Jonas Niedermanner
Garrett Hicks,EPG Baskets Koblenz,10,Garrett Hicks
Marko Bacak,EPG Baskets Koblenz,13,Marko Bacak
Jannis Sonnefeld,EPG Baskets Koblenz,14,Jannis Sonnefeld
David Lars Gaspers,EPG Baskets Koblenz,17,David Lars Gaspers
Alexander Möller,EPG Baskets Koblenz,22,Alexander Möller
Jakob Hanzalek,EPG Baskets Koblenz,77,Jakob Hanzalek
Nils Owen Schmitz,BG Göttingen,0,Nils Owen Schmitz
Adam Ramstedt,BG Göttingen,1,Adam Ramstedt
Jordan Sears,BG Göttingen,3,Jordan Sears
Daniel Kirchner,BG Göttingen,4,Player 4; Daniel Kirchner
Joshua Haase,BG Göttingen,7,Joshua Haase
Kevin Buckingham,BG Göttingen,9,Kevin Buckingham
Hendrik Helge Drescher,BG Göttingen,10,Player 10; Hendrik Helge Drescher
Robin Lodders,BG Göttingen,11,Player 11; Robin Lodders
Mathis Mönninghoff,BG Göttingen,17,Player 17; Mathis Mönninghoff
Janis Jünemann,BG Göttingen,20,Janis Jünemann
Zach Jackson,BG Göttingen,21,Zach Jackson; Player 21
Julius Böhmer,BG Göttingen,44,Julius Böhmer
Lynval William Alexander Ellis,PS Karlsruhe LIONS,1,Lynval William Alexander Ellis
Tyrese Williams,PS Karlsruhe LIONS,5,Tyrese Williams
Gabriel Kuku,PS Karlsruhe LIONS,6,Gabriel Kuku
Wesley Chima Oba,PS Karlsruhe LIONS,7,Wesley Chima Oba
Pavle Pisic,PS Karlsruhe LIONS,8,Pavle Pisic
Kilian Binapfl,PS Karlsruhe LIONS,12,Kilian Binapfl
Terry Kodjo-Torgbe Haarmann,PS Karlsruhe LIONS,17,Terry Kodjo-Torgbe Haarmann
Mikal Dawson,PS Karlsruhe LIONS,22,Mikal Dawson
Maurice Marko Pluskota,PS Karlsruhe LIONS,23,Maurice Marko Pluskota
David Opowu Ejah,PS Karlsruhe LIONS,25,David Opowu Ejah
David Allan Cohn,PS Karlsruhe LIONS,34,David Allan Cohn
Calvin Eugene Oldham JR,Bayer Giants Leverkusen,1,Calvin Eugene Oldham JR
Viktor Ziring,Bayer Giants Leverkusen,2,Viktor Ziring
Luca Finn Kahl,Bayer Giants Leverkusen,3,Luca Finn Kahl
Sebastian Brach,Bayer Giants Leverkusen,10,Sebastian Brach
Ricardo Lynch,Bayer Giants Leverkusen,11,Ricardo Lynch
Donte Nicholas,Bayer Giants Leverkusen,15,Donte Nicholas
John Williams Jr,Bayer Giants Leverkusen,21,John Williams Jr
Dennis Heinzmann,Bayer Giants Leverkusen,22,Dennis Heinzmann
Calin Nita,Bayer Giants Leverkusen,24,Calin Nita
Sören Urbansky,Bayer Giants Leverkusen,51,Sören Urbansky
Myreon Lamar Jones JR,VfL SparkassenStars Bochum,0,Myreon Lamar Jones JR
Antonio Deshon Williams,VfL SparkassenStars Bochum,1,Antonio Deshon Williams
Marios Giotis,VfL SparkassenStars Bochum,3,Marios Giotis
Niklas Geske,VfL SparkassenStars Bochum,4,Niklas Geske
Lars Kamp,VfL SparkassenStars Bochum,7,Lars Kamp
Kilian Dietz,VfL SparkassenStars Bochum,8,Kilian Dietz
Jonas Grof,VfL SparkassenStars Bochum,9,Jonas Grof
Dravon Mangum,VfL SparkassenStars Bochum,11,Dravon Mangum
Matthew Douglas Strange,VfL SparkassenStars Bochum,12,Matthew Douglas Strange
Mats Neumann,VfL SparkassenStars Bochum,13,Mats Neumann
Malek Green,VfL SparkassenStars Bochum,22,Malek Green
Max Brackmann,VfL SparkassenStars Bochum,64,Max Brackmann
Tyreese Blunt,HAKRO Merlins Crailsheim,0,Tyreese Blunt; Player 0
Keyshaun Darrius Langley,HAKRO Merlins Crailsheim,2,Keyshaun Darrius Langley; Player 2
Brock Boone Gardner,HAKRO Merlins Crailsheim,4,Brock Boone Gardner; Player 4
Nico Santana Mojica,HAKRO Merlins Crailsheim,7,Nico Santana Mojica
Anthony Malik Gaines,HAKRO Merlins Crailsheim,9,Anthony Malik Gaines; Player 9
Gianni Otto,HAKRO Merlins Crailsheim,10,Gianni Otto
Charles Tyrone Harris Jr.,HAKRO Merlins Crailsheim,11/3,Charles Tyrone Harris Jr.
Nicholas Christian Welp,HAKRO Merlins Crailsheim,20,Nicholas Christian Welp
Antonio Dewane Madlock JR,HAKRO Merlins Crailsheim,22,Antonio Dewane Madlock JR
Marvin Ogunsipe,HAKRO Merlins Crailsheim,26,Player 26; Marvin Ogunsipe
Player None,HAKRO Merlins Crailsheim,None,Player None
Lars Kremer,Bayer Giants Leverkusen,0,Lars Kremer
Aurel Bucur,VfL SparkassenStars Bochum,6,Aurel Bucur
Aaron Ayooluwa Ogunjobi,Tigers Tübingen,25,Aaron Ayooluwa Ogunjobi
Kai Müsse,GIESSEN 46ers,15,Kai Müsse
Artem Kovalov,BBC Bayreuth,35,Artem Kovalov
Decorian Jeffries,EPG Baskets Koblenz,0,Decorian Jeffries
Lukas Ehrich,Uni Baskets Münster,14,Lukas Ehrich
Jemarl Lemuel Baker Jr.,Eisbären Bremerhaven,8,Jemarl Lemuel Baker Jr.
Jose Gabriel de Oliveira Neto,HAKRO Merlins Crailsheim,1,Jose Gabriel de Oliveira Neto
Clarence Felix Fansi,Bozic Estriche Knights Kirchheim,12,Clarence Felix Fansi
Lars Lenke,Nürnberg Falcons BC,11,Lars Lenke
Adam John Paige,RheinStars Köln,13,Adam John Paige
Ivan Volf,Artland Dragons,44,Ivan Volf
Laurent Raphael Zoccoletti,RheinStars Köln,12,Laurent Raphael Zoccoletti
Marvin Omonigho Omuvwie,Phoenix Hagen,11,Marvin Omonigho Omuvwie
Matthew Thomas Lane,SBB Baskets Wolmirstedt,18,Matthew Thomas Lane
Matthias Fichtner,SBB Baskets Wolmirstedt,35,Matthias Fichtner
Jonathan Klussmann,Paderborn Baskets,71,Jonathan Klussmann
Joshua Olenyi,PS Karlsruhe LIONS,2,Joshua Olenyi
Julian Albus,PS Karlsruhe LIONS,20,Julian Albus
Gaston Nguyen,BG Göttingen,13,Gaston Nguyen
Tim Schnelle,Bayer Giants Leverkusen,12,Tim Schnelle
Kobe Langley,Bayer Giants Leverkusen,8,Kobe Langley
Finn Pook,Phoenix Hagen,6,Finn Pook
Leo Friedlein,BBC Bayreuth,20,Leo Friedlein
Jaden Brown,HAKRO Merlins Crailsheim,19,Jaden Brown
Caleb Lee Zurliene,Uni Baskets Münster,23,Caleb Lee Zurliene
Konstantin Matthias Lehmann,RheinStars Köln,7,Konstantin Matthias Lehmann
Ben Köhler,SBB Baskets Wolmirstedt,3,Ben Köhler
Joryam Saizonou,SBB Baskets Wolmirstedt,9,Joryam Saizonou
Marinus Lucas N'Guessan,Phoenix Hagen,19,Marinus Lucas N'Guessan
Efosa K Irobun Osawe,Paderborn Baskets,0,Efosa K Irobun Osawe
Zachary Richard Watson,RheinStars Köln,4,Zachary Richard Watson
Daniel Isaiah Almarante,Eisbären Bremerhaven,13,Daniel Isaiah Almarante
Cosmo Grühn,Uni Baskets Münster,22,Cosmo Grühn
Haris Hujic,RheinStars Köln,10,Haris Hujic
Connor McDonald Nelson,Tigers Tübingen,21,Connor McDonald Nelson
Louis Nauthon,BBC Bayreuth,51,Louis Nauthon
Michael Hughes II,SBB Baskets,91,Michael Hughes II
Vincent Malik Shahid,HAKRO Merlins Crailsheim,99,Vincent Malik Shahid
Carter Dean Whitt,Nürnberg Falcons BC,2,Carter Dean Whitt
Cedric Cezell Russell Jr,RheinStars Köln,0,Cedric Cezell Russell Jr
Daivien Latrell Williamson,SBB Baskets,7,Daivien Latrell Williamson
Chris Würmseher,BBC Bayreuth,44,Chris Würmseher
Devon Goodman,GIESSEN 46ers,5,Devon Goodman
Isaiah Rayshaud Hart,PS Karlsruhe LIONS,4,Player 4; Isaiah Rayshaud Hart
Brandon Angelo Porter,PS Karlsruhe LIONS,14,Brandon Angelo Porter
Teodor Regoršek,HAKRO Merlins Crailsheim,13,Teodor Regoršek
Ömer Girgin,EPG Baskets Koblenz,6,Ömer Girgin
Lukas Werner Zerner,Bozic Estriche Knights Kirchheim,10,Lukas Werner Zerner
Patrick Etienne Fardy Emilien,Tigers Tübingen,15,Patrick Etienne Fardy Emilien
David Koch,Bayer Giants Leverkusen,26,David Koch
Joshua Schwaibold,Tigers Tübingen,19,Joshua Schwaibold
De'Vondre Malik Perry,SBB Baskets,4,De'Vondre Malik Perry
Eyassu Worku,Paderborn Baskets,24,Eyassu Worku
Devonte Jasai McCall,EPG Baskets Koblenz,11,Devonte Jasai McCall
Evan Walshe,Eisbären Bremerhaven,77,Evan Walshe
Emil Bode,BG Göttingen,5,Emil Bode
Marko Cuvalo,RheinStars Köln,14,Marko Cuvalo
Alejandro Ruano Garayoa,Eisbären Bremerhaven,33,Alejandro Ruano Garayoa
Willem Brandwijk,BBC Bayreuth,39,Willem Brandwijk
Dominique Kevin Johnson,Eisbären Bremerhaven,25,Dominique Kevin Johnson
Abu Kigab,GIESSEN 46ers,47,Abu Kigab
unbekannt,PS Karlsruhe LIONS,10,Player 10
Basla Veljic,Paderborn Baskets,18,Balsa Veljic; Basla Veljic
Yannick von Hain,SBB Baskets,8,Yannick von Hain
Nigel Pruitt,SBB Baskets,24,Nigel Pruitt
Thorben Döding,Uni Baskets Münster,11,Thorben Döding
Henning Gustrau,VfL SparkassenStars Bochum,21,Henning Gustrau
Larry Matthew Thomas,Tigers Tübingen,0,Larry Matthew Thomas
Xavier Trent Johnson,HAKRO Merlins Crailsheim,12,Xavier Trent Johnson
Philip Anthony Alston,Uni Baskets Münster,55,Philip Anthony Alston
Kenny André Calliste Kéannou Baptiste,RheinStars Köln,39,Kenny André Calliste Kéannou Baptiste
Viktor Kovacevic,GIESSEN 46ers,25,Viktor Kovacevic
Lok Lol Wur,Bayer Giants Leverkusen,4,Lok Lol Wur
Deshon Davion Taylor,Uni Baskets Münster,21,Deshon Davion Taylor
Maurice Stuckey,HAKRO Merlins Crailsheim,3,Maurice Stuckey
Wesley Nelson Dreamer,BG Göttingen,35,Wesley Nelson Dreamer
Ryan Schwieger,Phoenix Hagen,3,Ryan Schwieger
Lorenz Brenneke,Eisbären Bremerhaven,11/21,Lorenz Brenneke
Curtis Tarell Jones Jr,Uni Baskets Münster,27,Curtis Tarell Jones Jr
Jordan Nathaniel Johnson,Tigers Tübingen,11,Jordan Nathaniel Johnson
Luka Zajic,VfL SparkassenStars Bochum,2,Luka Zajic
Kevin Wohlrath,SBB Baskets,22,Kevin Wohlrath
Aitor Julen Pickett Lazo,VfL SparkassenStars Bochum,99,Aitor Julen Pickett Lazo
Jason George,PS Karlsruhe LIONS,24,Jason George
Raul Dumnici,Nürnberg Falcons BC,8,Raul Dumnici
Georgios Gkiouzelis,Nürnberg Falcons BC,12,Georgios Gkiouzelis
TJ Bamba,RASTA Vechta,5,TJ Bamba
Luc van Slooten,RASTA Vechta,6,Luc van Slooten
Joschka Ferner,RASTA Vechta,9,Joschka Ferner
Tevin Brown,RASTA Vechta,10,Tevin Brown
Alonzo Verge Jr.,RASTA Vechta,11,Alonzo Verge Jr.
Tommy Kuhse,RASTA Vechta,12,Tommy Kuhse
Philipp Herkenhoff,RASTA Vechta,14,Philipp Herkenhoff
Lars Thiemann,RASTA Vechta,21,Lars Thiemann
Malcolm Dandridge,RASTA Vechta,23,Malcolm Dandridge
Roy Krupnikas,RASTA Vechta,24,Roy Krupnikas
Lloyd Pandi,RASTA Vechta,41,Lloyd Pandi
Player#,VET-CONCEPT Gladiators Trier,,Player#
Jeff Garrett,Telekom Baskets Bonn,4,Player 4
Michael Kessens,Telekom Baskets Bonn,6,Michael Kessens; Player 6
Tylan Birts,Telekom Baskets Bonn,5,Tylan Birts; Player 5
Grayson Murphy,Telekom Baskets Bonn,7,Player 7; Grayson Murphy
Alijah Comithier,Telekom Baskets Bonn,2,Alijah Comithier
Jongkuch Kur,Telekom Baskets Bonn,15,Jongkuch Kur
Joel Aminu,Telekom Baskets Bonn,21,Player 21; Joel Aminu
Jorge Mejias,Telekom Baskets Bonn,10,Jorge Mejias
Melvin Jostmann,Telekom Baskets Bonn,12,Melvin Jostmann
Logan Johnson,SKYLINERS,0,Logan Johnson
Isaiah Swope,SKYLINERS,1,Isaiah Swope
Garai Zeeb,SKYLINERS,3,Garai Zeeb
Nahiem Alleyne,SKYLINERS,4,Nahiem Alleyne
Jamie Edoka,SKYLINERS,5,Jamie Edoka
William Christmas,SKYLINERS,8,William Christmas
Jaedon Le Dee,SKYLINERS,13,Jaedon Le Dee
Radii Caisin,SKYLINERS,16,Radii Caisin
Till Pape,SKYLINERS,19,Till Pape
Ryan Hawkins,SKYLINERS,33,Ryan Hawkins
Babacar Sane,MHP RIESEN Ludwigsburg,0,Babacar Sane
Traveon Buchanan,MHP RIESEN Ludwigsburg,2,Traveon Buchanan
Stefan Smith,MHP RIESEN Ludwigsburg,3,Stefan Smith
Johannes Patrick,MHP RIESEN Ludwigsburg,6,Johannes Patrick
Elijah Hughes,MHP RIESEN Ludwigsburg,7,Elijah Hughes
Lenny Anigbata,MHP RIESEN Ludwigsburg,12,Lenny Anigbata
Yorman Polas Bartolo,MHP RIESEN Ludwigsburg,13,Yorman Polas Bartolo
Jonas Wohlfarth-Bottermann,MHP RIESEN Ludwigsburg,18,Jonas Wohlfarth-Bottermann
Brandon Tischler,MHP RIESEN Ludwigsburg,24,Brandon Tischler
Keeshawn Kellman,MHP RIESEN Ludwigsburg,32,Keeshawn Kellman
Julis Baumer,MHP RIESEN Ludwigsburg,37,Julis Baumer
Lukas Modic,MHP RIESEN Ludwigsburg,38,Lukas Modic
Kyle Lofton,EWE Baskets Oldenburg,0,Kyle Lofton
Christopher Clemons,EWE Baskets Oldenburg,3,Christopher Clemons
Brian Fobbs,EWE Baskets Oldenburg,4,Brian Fobbs
Ralph Hounnou,EWE Baskets Oldenburg,5,Ralph Hounnou
James Woodard,EWE Baskets Oldenburg,10,James Woodard
Nicholas Tischler,EWE Baskets Oldenburg,11,Nicholas Tischler
Michale Kyser,EWE Baskets Oldenburg,12,Michale Kyser
Seth Hinrichs,EWE Baskets Oldenburg,21,Seth Hinrichs
Eral Penn,EWE Baskets Oldenburg,22,Eral Penn
Colin Schroeder,EWE Baskets Oldenburg,29,Colin Schroeder
Simon Kohlhoff,EWE Baskets Oldenburg,31,Simon Kohlhoff
Filip Stanic,EWE Baskets Oldenburg,65,Filip Stanic
Leonard Jr. Thorpe,Veolia Towers Hamburg,2,Leonard Jr. Thorpe
Osaro Rich Igbineweka,Veolia Towers Hamburg,3,Osaro Rich Igbineweka
Zsombor Maronka,Veolia Towers Hamburg,5,Zsombor Maronka
Janne Müller,Veolia Towers Hamburg,6,Janne Müller
Jean-Pierre Tokoto II,Veolia Towers Hamburg,7,Jean-Pierre Tokoto II
Jared Grey,Veolia Towers Hamburg,8,Jared Grey
Nelson Jamal Martin,Veolia Towers Hamburg,10,Nelson Jamal Martin
Justin Edler Davis,Veolia Towers Hamburg,19,Justin Edler Davis
Kenneth Ogbe,Veolia Towers Hamburg,25,Kenneth Ogbe
Eric Jr. Reed,Veolia Towers Hamburg,43,Eric Jr. Reed
Benedikt Turudic,Veolia Towers Hamburg,44,Benedikt Turudic
Zacharie Perrin,Veolia Towers Hamburg,52,Zacharie Perrin
Zachary Ensminger,BMA365 Bamberg Baskets,1,Zachary Ensminger
Ibrahim Watson-Boye,BMA365 Bamberg Baskets,2,Ibrahim Watson-Boye
Finn Döntgens,BMA365 Bamberg Baskets,7,Finn Döntgens
Demarcus Demonia,BMA365 Bamberg Baskets,8,Demarcus Demonia
Richard Balint,BMA365 Bamberg Baskets,11,Richard Balint
Adrian Petkovic,BMA365 Bamberg Baskets,15,Adrian Petkovic
Cobe Williams,BMA365 Bamberg Baskets,24,Cobe Williams
Daniel Keppeler,BMA365 Bamberg Baskets,31,Daniel Keppeler
Patrick Heckmann,BMA365 Bamberg Baskets,33,Patrick Heckmann
Ejiofor Onu,BMA365 Bamberg Baskets,35,Ejiofor Onu
Nico Höllerl,BMA365 Bamberg Baskets,55,Nico Höllerl
Austin Crowley,BMA365 Bamberg Baskets,85,Austin Crowley
Dexter Akanno,VET-CONCEPT Gladiators Trier,2,Dexter Akanno
Clay Guillozet,VET-CONCEPT Gladiators Trier,4,Clay Guillozet
Behnam Yakhchali Dehkordi,VET-CONCEPT Gladiators Trier,8,Behnam Yakhchali Dehkordi
Marco Hollersbacher,VET-CONCEPT Gladiators Trier,9,Marco Hollersbacher
Marten Linßen,VET-CONCEPT Gladiators Trier,12,Marten Linßen
Jordan Roland,VET-CONCEPT Gladiators Trier,15,Jordan Roland
Urald King,VET-CONCEPT Gladiators Trier,20,Urald King
Evans Rapieque,VET-CONCEPT Gladiators Trier,21,Evans Rapieque
Nolan Adekunle,VET-CONCEPT Gladiators Trier,22,Nolan Adekunle
JJ Mann,VET-CONCEPT Gladiators Trier,24,JJ Mann
Maik Zirbes,VET-CONCEPT Gladiators Trier,33,Maik Zirbes
Eli Brooks,VET-CONCEPT Gladiators Trier,55,Eli Brooks
Zachery Cooks,Telekom Baskets Bonn,3,Zachery Cooks
Jeff Garrett Jr.,Telekom Baskets Bonn,4,Jeff Garrett Jr.
Kenan Reinhart,Telekom Baskets Bonn,8,Kenan Reinhart
Kur Jongkuch,Telekom Baskets Bonn,15,Kur Jongkuch
Jonil Fugett,EWE Baskets Oldenburg,19,Jonil Fugett
Lukas Herzog,Fitness First Würzburg Baskets,1,Lukas Herzog
Leo Saffer,Fitness First Würzburg Baskets,3,Leo Saffer
Marcus Carr,Fitness First Würzburg Baskets,5,Marcus Carr
Davion Mintz,Fitness First Würzburg Baskets,10,Davion Mintz
Brae Ivey,Fitness First Würzburg Baskets,11,Brae Ivey
Christian Skladanowski,Fitness First Würzburg Baskets,19,Christian Skladanowski
Johnathan Stove,Fitness First Würzburg Baskets,22,Johnathan Stove
Eddy Edigin Jr,Fitness First Würzburg Baskets,27,Eddy Edigin Jr
Charles Thompson,Fitness First Würzburg Baskets,32,Charles Thompson
Alen Pjanic,Fitness First Würzburg Baskets,35,Alen Pjanic
David Muenkat,Fitness First Würzburg Baskets,55,David Muenkat
Khyri Thomas,SYNTAINICS MBC,0,Khyri Thomas
Moritz Heck,SYNTAINICS MBC,3,Moritz Heck
Marcus Foster,SYNTAINICS MBC,5,Marcus Foster
Kresimir Nikic,SYNTAINICS MBC,9,Kresimir Nikic
Akeem Vargas,SYNTAINICS MBC,11,Akeem Vargas
RJ Gunn,SYNTAINICS MBC,21,RJ Gunn
Charles Callison,SYNTAINICS MBC,23,Charles Callison
Stephon Jelks,SYNTAINICS MBC,30,Stephon Jelks
Spencer Reaves,SYNTAINICS MBC,31,Spencer Reaves
Collin Welp,SYNTAINICS MBC,40,Collin Welp
Jure Planinic,SYNTAINICS MBC,44,Jure Planinic
John Bryant,SYNTAINICS MBC,54,John Bryant
Ibi Watson,BMA365 Bamberg Baskets,2,Ibi Watson
Marcus Weathers,MLP Academics Heidelberg,0,Marcus Weathers
Noah Koch,MLP Academics Heidelberg,1,Noah Koch
Niklas Würzner,MLP Academics Heidelberg,2,Niklas Würzner
Dusan Neskovic,MLP Academics Heidelberg,7,Dusan Neskovic
Samuell Williamson,MLP Academics Heidelberg,10,Samuell Williamson
Erol Ersek,MLP Academics Heidelberg,11,Erol Ersek
Osun Osunniyi,MLP Academics Heidelberg,12,Osun Osunniyi
Marcel Keßen,MLP Academics Heidelberg,15,Marcel Keßen
Michael Weathers,MLP Academics Heidelberg,20,Michael Weathers
Mateo Seric,MLP Academics Heidelberg,21,Mateo Seric
Booker Coplin,MHP RIESEN Ludwigsburg,30/9,Booker Coplin
Player 0,ROSTOCK SEAWOLVES,0,Player 0
Player 29,ROSTOCK SEAWOLVES,29,Player 29
Player 19,ROSTOCK SEAWOLVES,19,Player 19
Sam Griesel,ROSTOCK SEAWOLVES,5,Player 5
Jonas Mattisseck,ROSTOCK SEAWOLVES,9,Player 9
Norris Agbakoko,ALBA BERLIN,17,Player 17
Malik Osborne,ratiopharm ulm,10,Player 10
Christopher Ledlum,ratiopharm ulm,4,Player 4
Justin Bean,ALBA BERLIN,34,Player 34
Tobias Jensen,ALBA BERLIN,7,Player 7
Mark Smith,ratiopharm ulm,13,Player 13
Len Schoormann,ratiopharm ulm,1,Player 1
Malte Delow,ALBA BERLIN,6,Malte Delow
J'wan Roberts,ALBA BERLIN,13,Player 13; J'wan Roberts
Kevin Yebo,NINERS Chemnitz,0,Kevin Yebo
Nike Sibande,NINERS Chemnitz,2,Nike Sibande
Corey Davis,NINERS Chemnitz,5,Corey Davis
Kaza Kajami-Keane,NINERS Chemnitz,10,Kaza Kajami-Keane
Kostja Mushidi,NINERS Chemnitz,11,Kostja Mushidi
Amadou Sow,NINERS Chemnitz,12,Amadou Sow
Luca Kellig,NINERS Chemnitz,13,Luca Kellig
Ty Brewer,NINERS Chemnitz,15,Ty Brewer
Oscar da Silva,FC Bayern München Basketball,1,Oscar da Silva
Xavier Rathan-Mayes,FC Bayern München Basketball,4,Xavier Rathan-Mayes
Niels Giffey,FC Bayern München Basketball,5,Niels Giffey
Leon Kratzer,FC Bayern München Basketball,8,Leon Kratzer
Justinian Jessup,FC Bayern München Basketball,10,Justinian Jessup
Vladimir Lucic,FC Bayern München Basketball,11,Vladimir Lucic
Andreas Obst,FC Bayern München Basketball,13,Andreas Obst
Justus Hollatz,FC Bayern München Basketball,21,Justus Hollatz
Isiaha Mike,FC Bayern München Basketball,22,Isiaha Mike
Nikolas Sermpezis,FC Bayern München Basketball,30,Nikolas Sermpezis
Wenyen Gabriel,FC Bayern München Basketball,32,Wenyen Gabriel
Kamar Baldwin,FC Bayern München Basketball,44,Kamar Baldwin
Adrian Worthy,Basketball Löwen Braunschweig,0,Adrian Worthy
David NGuessan,Basketball Löwen Braunschweig,1,David NGuessan
Benjamin Schröder,Basketball Löwen Braunschweig,2,Benjamin Schröder
Luka Scuka,Basketball Löwen Braunschweig,5,Luka Scuka
Ferdinand Zylka,Basketball Löwen Braunschweig,6,Ferdinand Zylka
Joshua Obiesie,Basketball Löwen Braunschweig,8,Joshua Obiesie
Romario Holloway,Basketball Löwen Braunschweig,11,Romario Holloway
Barra Njie,Basketball Löwen Braunschweig,13,Barra Njie
Philipp Hartwich,Basketball Löwen Braunschweig,15,Philipp Hartwich
Leonhard Laar,Basketball Löwen Braunschweig,21,Leonhard Laar
Grant Sherfield,Basketball Löwen Braunschweig,25,Grant Sherfield
Chip Flanigan,Basketball Löwen Braunschweig,30,Chip Flanigan
Kevin McClain,MLP Academics Heidelberg,3,Kevin McClain
Eric Reed II,MLP Academics Heidelberg,43,Eric Reed II
Johannes Voigtmann,FC Bayern München Basketball,7,Johannes Voigtmann
Stefan Jovic,FC Bayern München Basketball,16,Stefan Jovic
Dakarai Tucker,EWE Baskets Oldenburg,7,Dakarai Tucker
Player 15,ALBA BERLIN,15,Player 15
